{
  "base_coating_multiplier": 1.2,
  "excel_pi": 3.141,
  "coating_factors": {
    "Duplex Meta-VA": 1.40,
    "Duplex Meta-CAX": 1.50,
    "Meta-S": 1.40,
    "AlCrN": 1.40,
    "TiCN": 1.10,
    "TiN": 1.10,
    "CrN": 1.10,
    "CrN-RB": 1.40,
    "CrN-DLC": 1.60,
    "TiaLN": 1.40
  },
  "price_table": [
    [1000, 2.55645940598109],
    [2000, 1.27822970299055],
    [3000, 0.971454574272815],
    [6000, 0.843631603973761],
    [10000, 0.81806700991395],
    [15000, 0.766937821794328],
    [20000, 0.715808633674706],
    [25000, 0.664679445555084],
    [30000, 0.613550257435462],
    [40000, 0.511291881196219],
    [50000, 0.460162693076597],
    [60000, 0.429485180204824],
    [70000, 0.409033504956975],
    [80000, 0.342565560401466],
    [150000, 0.32722680396558],
    [200000, 0.306775128717731],
    [250000, 0.301662209905769],
    [300000, 0.296549291093807],
    [400000, 0.291436372281845],
    [500000, 0.28121053465792],
    [600000, 0.270984697033996],
    [700000, 0.265871778222034],
    [800000, 0.245420102974185],
    [900000, 0.235194265350261],
    [950000, 0.230081346538298],
    [1000000, 0.214742590102412],
    [1100000, 0.199403833666525],
    [1200000, 0.189177996042601],
    [1300000, 0.178952158418676],
    [1400000, 0.168726320794752],
    [1500000, 0.16361340198279],
    [1600000, 0.153387564358866],
    [1700000, 0.143161726734941],
    [1800000, 0.138048807922979],
    [1900000, 0.132935889111017],
    [2000000, 0.11759713267513],
    [2500000, 0.102258376239244],
    [3000000, 0.0971454574272815],
    [3500000, 0.0869196198033572],
    [4000000, 0.081806700991395],
    [4500000, 0.0766937821794328],
    [5000000, 0.0715808633674706],
    [6500000, 0.0664679445555084],
    [7500000, 0.0613550257435462],
    [10000000, 0.056242106931584],
    [35000000, 0.0511291881196219]
  ]
}
